Store,Website,Page URL,Top Category,Category,Brand,Total,Out of Stock,catalog_id
TERMINAL OF FASHION,https://www.toff.ro/,"https://www.toff.ro/femei/accesorii?initialMap=c,c&initialQuery=femei/accesorii&map=category-1,category-2,brand&query=/femei/accesorii/amina-muaddi&searchState",Women,Accessories,AMINA MUADDI,0,0,13989
TERMINAL OF FASHION,https://www.toff.ro/,"https://www.toff.ro/femei/genti?initialMap=c,c&initialQuery=femei/genti&map=category-1,category-2,brand&query=/femei/genti/amina-muaddi&searchState",Women,Bags,AMINA MUADDI,8,0,13990
TERMINAL OF FASHION,https://www.toff.ro/,"https://www.toff.ro/femei/accesorii/curele-si-bijuterii?initialMap=c,c,c&initialQuery=femei/accesorii/curele-si-bijuterii&map=category-1,category-2,category-3,brand,subcategorie&query=/femei/accesorii/curele-si-bijuterii/amina-muaddi/bijuterii&searchState",Women,Jewelry,AMINA MUADDI,0,0,13992
TERMINAL OF FASHION,https://www.toff.ro/,"https://www.toff.ro/femei/incaltaminte?initialMap=c,c&initialQuery=femei/incaltaminte&map=category-1,category-2,brand&query=/femei/incaltaminte/amina-muaddi&searchState",Women,Shoes,AMINA MUADDI,45,0,13993
TERMINAL OF FASHION,https://www.toff.ro/,"https://www.toff.ro/femei/genti?initialMap=c,c&initialQuery=femei/genti&map=category-1,category-2,brand&query=/femei/genti/aquazzura&searchState",Women,Bags,AQUAZZURA,3,0,14010
TERMINAL OF FASHION,https://www.toff.ro/,"https://www.toff.ro/femei/incaltaminte?initialMap=c,c&initialQuery=femei/incaltaminte&map=category-1,category-2,brand&query=/femei/incaltaminte/aquazzura&searchState",Women,Shoes,AQUAZZURA,34,0,14013
TERMINAL OF FASHION,https://www.toff.ro/,"https://www.toff.ro/barbati/accesorii?initialMap=c,c&initialQuery=barbati/accesorii&map=category-1,category-2,brand&query=/barbati/accesorii/bally&searchState",Men,Accessories,BALLY,0,0,50582
TERMINAL OF FASHION,https://www.toff.ro/,"https://www.toff.ro/barbati/genti?initialMap=c,c&initialQuery=barbati/genti&map=category-1,category-2,brand&query=/barbati/genti/bally&searchState",Men,Bags,BALLY,0,0,50581
TERMINAL OF FASHION,https://www.toff.ro/,"https://www.toff.ro/barbati/imbracaminte?initialMap=c,c&initialQuery=barbati/imbracaminte&map=category-1,category-2,brand&query=/barbati/imbracaminte/bally&searchState",Men,Clothing,BALLY,0,0,50579
TERMINAL OF FASHION,https://www.toff.ro/,"https://www.toff.ro/barbati/accesorii/curele-si-bijuterii?initialMap=c,c,c&initialQuery=barbati/accesorii/curele-si-bijuterii&map=category-1,category-2,category-3,brand,subcategorie&query=/barbati/accesorii/curele-si-bijuterii/bally/bijuterii&searchState",Men,Jewelry,BALLY,0,0,50583
TERMINAL OF FASHION,https://www.toff.ro/,"https://www.toff.ro/barbati/incaltaminte?initialMap=c,c&initialQuery=barbati/incaltaminte&map=category-1,category-2,brand&query=/barbati/incaltaminte/bally&searchState",Men,Shoes,BALLY,1,0,50580
TERMINAL OF FASHION,https://www.toff.ro/,"https://www.toff.ro/femei/accesorii?initialMap=c,c&initialQuery=femei/accesorii&map=category-1,category-2,brand&query=/femei/accesorii/bally&searchState",Women,Accessories,BALLY,0,0,50587
TERMINAL OF FASHION,https://www.toff.ro/,"https://www.toff.ro/femei/genti?initialMap=c,c&initialQuery=femei/genti&map=category-1,category-2,brand&query=/femei/genti/bally&searchState",Women,Bags,BALLY,0,0,50586
TERMINAL OF FASHION,https://www.toff.ro/,"https://www.toff.ro/femei/imbracaminte?initialMap=c,c&initialQuery=femei/imbracaminte&map=category-1,category-2,brand&query=/femei/imbracaminte/bally&searchState",Women,Clothing,BALLY,0,0,50584
TERMINAL OF FASHION,https://www.toff.ro/,"https://www.toff.ro/femei/accesorii/curele-si-bijuterii?initialMap=c,c,c&initialQuery=femei/accesorii/curele-si-bijuterii&map=category-1,category-2,category-3,brand,subcategorie&query=/femei/accesorii/curele-si-bijuterii/bally/bijuterii&searchState",Women,Jewelry,BALLY,0,0,50588
TERMINAL OF FASHION,https://www.toff.ro/,"https://www.toff.ro/femei/incaltaminte?initialMap=c,c&initialQuery=femei/incaltaminte&map=category-1,category-2,brand&query=/femei/incaltaminte/bally&searchState",Women,Shoes,BALLY,5,0,50585
TERMINAL OF FASHION,https://www.toff.ro/,"https://www.toff.ro/barbati/accesorii?initialMap=c,c&initialQuery=barbati/accesorii&map=category-1,category-2,brand&query=/barbati/accesorii/casablanca&searchState",Men,Accessories,CASABLANCA,3,0,50592
TERMINAL OF FASHION,https://www.toff.ro/,"https://www.toff.ro/barbati/genti?initialMap=c,c&initialQuery=barbati/genti&map=category-1,category-2,brand&query=/barbati/genti/casablanca&searchState",Men,Bags,CASABLANCA,0,0,50591
TERMINAL OF FASHION,https://www.toff.ro/,"https://www.toff.ro/barbati/imbracaminte?initialMap=c,c&initialQuery=barbati/imbracaminte&map=category-1,category-2,brand&query=/barbati/imbracaminte/casablanca&searchState",Men,Clothing,CASABLANCA,41,0,50589
TERMINAL OF FASHION,https://www.toff.ro/,"https://www.toff.ro/barbati/accesorii/curele-si-bijuterii?initialMap=c,c,c&initialQuery=barbati/accesorii/curele-si-bijuterii&map=category-1,category-2,category-3,brand,subcategorie&query=/barbati/accesorii/curele-si-bijuterii/casablanca/bijuterii&searchState",Men,Jewelry,CASABLANCA,0,0,50593
TERMINAL OF FASHION,https://www.toff.ro/,"https://www.toff.ro/barbati/incaltaminte?initialMap=c,c&initialQuery=barbati/incaltaminte&map=category-1,category-2,brand&query=/barbati/incaltaminte/casablanca&searchState",Men,Shoes,CASABLANCA,5,0,50590
TERMINAL OF FASHION,https://www.toff.ro/,"https://www.toff.ro/femei/accesorii?initialMap=c,c&initialQuery=femei/accesorii&map=category-1,category-2,brand&query=/femei/accesorii/casablanca&searchState",Women,Accessories,CASABLANCA,0,0,50597
TERMINAL OF FASHION,https://www.toff.ro/,"https://www.toff.ro/femei/genti?initialMap=c,c&initialQuery=femei/genti&map=category-1,category-2,brand&query=/femei/genti/casablanca&searchState",Women,Bags,CASABLANCA,0,0,50596
TERMINAL OF FASHION,https://www.toff.ro/,"https://www.toff.ro/femei/imbracaminte?initialMap=c,c&initialQuery=femei/imbracaminte&map=category-1,category-2,brand&query=/femei/imbracaminte/casablanca&searchState",Women,Clothing,CASABLANCA,9,0,50594
TERMINAL OF FASHION,https://www.toff.ro/,"https://www.toff.ro/femei/accesorii/curele-si-bijuterii?initialMap=c,c,c&initialQuery=femei/accesorii/curele-si-bijuterii&map=category-1,category-2,category-3,brand,subcategorie&query=/femei/accesorii/curele-si-bijuterii/casablanca/bijuterii&searchState",Women,Jewelry,CASABLANCA,0,0,50598
TERMINAL OF FASHION,https://www.toff.ro/,"https://www.toff.ro/femei/incaltaminte?initialMap=c,c&initialQuery=femei/incaltaminte&map=category-1,category-2,brand&query=/femei/incaltaminte/casablanca&searchState",Women,Shoes,CASABLANCA,1,0,50595
TERMINAL OF FASHION,https://www.toff.ro/,"https://www.toff.ro/barbati/accesorii?initialMap=c,c&initialQuery=barbati/accesorii&map=category-1,category-2,brand&query=/barbati/accesorii/dolce---gabbana&searchState",Men,Accessories,DOLCE & GABBANA,42,0,14054
TERMINAL OF FASHION,https://www.toff.ro/,"https://www.toff.ro/barbati/genti?initialMap=c,c&initialQuery=barbati/genti&map=category-1,category-2,brand&query=/barbati/genti/dolce---gabbana&searchState",Men,Bags,DOLCE & GABBANA,22,0,14055
TERMINAL OF FASHION,https://www.toff.ro/,"https://www.toff.ro/barbati/imbracaminte?initialMap=c,c&initialQuery=barbati/imbracaminte&map=category-1,category-2,brand&query=/barbati/imbracaminte/dolce---gabbana&searchState",Men,Clothing,DOLCE & GABBANA,352,0,14056
TERMINAL OF FASHION,https://www.toff.ro/,"https://www.toff.ro/barbati/accesorii/curele-si-bijuterii?initialMap=c,c,c&initialQuery=barbati/accesorii/curele-si-bijuterii&map=category-1,category-2,category-3,brand,subcategorie&query=/barbati/accesorii/curele-si-bijuterii/dolce---gabbana/bijuterii&searchState",Men,Jewelry,DOLCE & GABBANA,2,0,14057
TERMINAL OF FASHION,https://www.toff.ro/,"https://www.toff.ro/barbati/incaltaminte?initialMap=c,c&initialQuery=barbati/incaltaminte&map=category-1,category-2,brand&query=/barbati/incaltaminte/dolce---gabbana&searchState",Men,Shoes,DOLCE & GABBANA,12,0,14058
TERMINAL OF FASHION,https://www.toff.ro/,"https://www.toff.ro/femei/accesorii?initialMap=c,c&initialQuery=femei/accesorii&map=category-1,category-2,brand&query=/femei/accesorii/dolce---gabbana&searchState",Women,Accessories,DOLCE & GABBANA,58,0,14059
TERMINAL OF FASHION,https://www.toff.ro/,"https://www.toff.ro/femei/genti?initialMap=c,c&initialQuery=femei/genti&map=category-1,category-2,brand&query=/femei/genti/dolce---gabbana&searchState",Women,Bags,DOLCE & GABBANA,28,0,14060
TERMINAL OF FASHION,https://www.toff.ro/,"https://www.toff.ro/femei/accesorii/curele-si-bijuterii?initialMap=c,c,c&initialQuery=femei/accesorii/curele-si-bijuterii&map=category-1,category-2,category-3,brand,subcategorie&query=/femei/accesorii/curele-si-bijuterii/dolce---gabbana/bijuterii&searchState",Women,Jewelry,DOLCE & GABBANA,7,0,14062
TERMINAL OF FASHION,https://www.toff.ro/,"https://www.toff.ro/femei/incaltaminte?initialMap=c,c&initialQuery=femei/incaltaminte&map=category-1,category-2,brand&query=/femei/incaltaminte/dolce---gabbana&searchState",Women,Shoes,DOLCE & GABBANA,86,0,14063
TERMINAL OF FASHION,https://www.toff.ro/,"https://www.toff.ro/barbati/accesorii?initialMap=c,c&initialQuery=barbati/accesorii&map=category-1,category-2,brand&query=/barbati/accesorii/ermanno-scervino&searchState",Men,Accessories,ERMANNO SCERVINO,0,0,50602
TERMINAL OF FASHION,https://www.toff.ro/,"https://www.toff.ro/barbati/genti?initialMap=c,c&initialQuery=barbati/genti&map=category-1,category-2,brand&query=/barbati/genti/ermanno-scervino&searchState",Men,Bags,ERMANNO SCERVINO,0,0,50601
TERMINAL OF FASHION,https://www.toff.ro/,"https://www.toff.ro/barbati/imbracaminte?initialMap=c,c&initialQuery=barbati/imbracaminte&map=category-1,category-2,brand&query=/barbati/imbracaminte/ermanno-scervino&searchState",Men,Clothing,ERMANNO SCERVINO,0,0,50599
TERMINAL OF FASHION,https://www.toff.ro/,"https://www.toff.ro/barbati/accesorii/curele-si-bijuterii?initialMap=c,c,c&initialQuery=barbati/accesorii/curele-si-bijuterii&map=category-1,category-2,category-3,brand,subcategorie&query=/barbati/accesorii/curele-si-bijuterii/ermanno-scervino/bijuterii&searchState",Men,Jewelry,ERMANNO SCERVINO,0,0,50603
TERMINAL OF FASHION,https://www.toff.ro/,"https://www.toff.ro/barbati/incaltaminte?initialMap=c,c&initialQuery=barbati/incaltaminte&map=category-1,category-2,brand&query=/barbati/incaltaminte/ermanno-scervino&searchState",Men,Shoes,ERMANNO SCERVINO,0,0,50600
TERMINAL OF FASHION,https://www.toff.ro/,"https://www.toff.ro/femei/accesorii?initialMap=c,c&initialQuery=femei/accesorii&map=category-1,category-2,brand&query=/femei/accesorii/ermanno-scervino&searchState",Women,Accessories,ERMANNO SCERVINO,6,0,50607
TERMINAL OF FASHION,https://www.toff.ro/,"https://www.toff.ro/femei/genti?initialMap=c,c&initialQuery=femei/genti&map=category-1,category-2,brand&query=/femei/genti/ermanno-scervino&searchState",Women,Bags,ERMANNO SCERVINO,1,0,50606
TERMINAL OF FASHION,https://www.toff.ro/,"https://www.toff.ro/femei/imbracaminte?initialMap=c,c&initialQuery=femei/imbracaminte&map=category-1,category-2,brand&query=/femei/imbracaminte/ermanno-scervino&searchState",Women,Clothing,ERMANNO SCERVINO,66,0,50604
TERMINAL OF FASHION,https://www.toff.ro/,"https://www.toff.ro/femei/accesorii/curele-si-bijuterii?initialMap=c,c,c&initialQuery=femei/accesorii/curele-si-bijuterii&map=category-1,category-2,category-3,brand,subcategorie&query=/femei/accesorii/curele-si-bijuterii/ermanno-scervino/bijuterii&searchState",Women,Jewelry,ERMANNO SCERVINO,1,0,50608
TERMINAL OF FASHION,https://www.toff.ro/,"https://www.toff.ro/femei/incaltaminte?initialMap=c,c&initialQuery=femei/incaltaminte&map=category-1,category-2,brand&query=/femei/incaltaminte/ermanno-scervino&searchState",Women,Shoes,ERMANNO SCERVINO,6,0,50605
TERMINAL OF FASHION,https://www.toff.ro/,"https://www.toff.ro/barbati/imbracaminte?initialMap=c,c&initialQuery=barbati/imbracaminte&map=category-1,category-2,brand&query=/barbati/imbracaminte/etro&searchState",Men,Clothing,ETRO,18,0,23326
TERMINAL OF FASHION,https://www.toff.ro/,"https://www.toff.ro/femei/accesorii?initialMap=c,c&initialQuery=femei/accesorii&map=category-1,category-2,brand&query=/femei/accesorii/etro&searchState",Women,Accessories,ETRO,0,0,23329
TERMINAL OF FASHION,https://www.toff.ro/,"https://www.toff.ro/femei/genti?initialMap=c,c&initialQuery=femei/genti&map=category-1,category-2,brand&query=/femei/genti/etro&searchState",Women,Bags,ETRO,0,0,23330
TERMINAL OF FASHION,https://www.toff.ro/,"https://www.toff.ro/barbati/accesorii?initialMap=c,c&initialQuery=barbati/accesorii&map=category-1,category-2,brand&query=/barbati/accesorii/gianvito-rossi&searchState",Men,Accessories,GIANVITO ROSSI,0,0,50612
TERMINAL OF FASHION,https://www.toff.ro/,"https://www.toff.ro/barbati/genti?initialMap=c,c&initialQuery=barbati/genti&map=category-1,category-2,brand&query=/barbati/genti/gianvito-rossi&searchState",Men,Bags,GIANVITO ROSSI,0,0,50611
TERMINAL OF FASHION,https://www.toff.ro/,"https://www.toff.ro/barbati/imbracaminte?initialMap=c,c&initialQuery=barbati/imbracaminte&map=category-1,category-2,brand&query=/barbati/imbracaminte/gianvito-rossi&searchState",Men,Clothing,GIANVITO ROSSI,0,0,50609
TERMINAL OF FASHION,https://www.toff.ro/,"https://www.toff.ro/barbati/accesorii/curele-si-bijuterii?initialMap=c,c,c&initialQuery=barbati/accesorii/curele-si-bijuterii&map=category-1,category-2,category-3,brand,subcategorie&query=/barbati/accesorii/curele-si-bijuterii/gianvito-rossi/bijuterii&searchState",Men,Jewelry,GIANVITO ROSSI,0,0,50613
TERMINAL OF FASHION,https://www.toff.ro/,"https://www.toff.ro/barbati/incaltaminte?initialMap=c,c&initialQuery=barbati/incaltaminte&map=category-1,category-2,brand&query=/barbati/incaltaminte/gianvito-rossi&searchState",Men,Shoes,GIANVITO ROSSI,8,0,50610
TERMINAL OF FASHION,https://www.toff.ro/,"https://www.toff.ro/femei/accesorii?initialMap=c,c&initialQuery=femei/accesorii&map=category-1,category-2,brand&query=/femei/accesorii/gianvito-rossi&searchState",Women,Accessories,GIANVITO ROSSI,0,0,50617
TERMINAL OF FASHION,https://www.toff.ro/,"https://www.toff.ro/femei/genti?initialMap=c,c&initialQuery=femei/genti&map=category-1,category-2,brand&query=/femei/genti/gianvito-rossi&searchState",Women,Bags,GIANVITO ROSSI,0,0,50616
TERMINAL OF FASHION,https://www.toff.ro/,"https://www.toff.ro/femei/imbracaminte?initialMap=c,c&initialQuery=femei/imbracaminte&map=category-1,category-2,brand&query=/femei/imbracaminte/gianvito-rossi&searchState",Women,Clothing,GIANVITO ROSSI,0,0,50614
TERMINAL OF FASHION,https://www.toff.ro/,"https://www.toff.ro/femei/accesorii/curele-si-bijuterii?initialMap=c,c,c&initialQuery=femei/accesorii/curele-si-bijuterii&map=category-1,category-2,category-3,brand,subcategorie&query=/femei/accesorii/curele-si-bijuterii/gianvito-rossi/bijuterii&searchState",Women,Jewelry,GIANVITO ROSSI,0,0,50618
TERMINAL OF FASHION,https://www.toff.ro/,"https://www.toff.ro/femei/incaltaminte?initialMap=c,c&initialQuery=femei/incaltaminte&map=category-1,category-2,brand&query=/femei/incaltaminte/gianvito-rossi&searchState",Women,Shoes,GIANVITO ROSSI,42,0,50615
TERMINAL OF FASHION,https://www.toff.ro/,"https://www.toff.ro/barbati/incaltaminte?initialMap=c,c&initialQuery=barbati/incaltaminte&map=category-1,category-2,brand&query=/barbati/incaltaminte/jimmy-choo&searchState",Men,Shoes,JIMMY CHOO,2,0,23398
TERMINAL OF FASHION,https://www.toff.ro/,"https://www.toff.ro/femei/genti?initialMap=c,c&initialQuery=femei/genti&map=category-1,category-2,brand&query=/femei/genti/jimmy-choo&searchState",Women,Bags,JIMMY CHOO,10,0,23400
TERMINAL OF FASHION,https://www.toff.ro/,"https://www.toff.ro/femei/incaltaminte?initialMap=c,c&initialQuery=femei/incaltaminte&map=category-1,category-2,brand&query=/femei/incaltaminte/jimmy-choo&searchState",Women,Shoes,JIMMY CHOO,48,0,23403
TERMINAL OF FASHION,https://www.toff.ro/,"https://www.toff.ro/barbati/accesorii?initialMap=c,c&initialQuery=barbati/accesorii&map=category-1,category-2,brand&query=/barbati/accesorii/lanvin&searchState",Men,Accessories,LANVIN,0,0,50622
TERMINAL OF FASHION,https://www.toff.ro/,"https://www.toff.ro/barbati/genti?initialMap=c,c&initialQuery=barbati/genti&map=category-1,category-2,brand&query=/barbati/genti/lanvin&searchState",Men,Bags,LANVIN,0,0,50621
TERMINAL OF FASHION,https://www.toff.ro/,"https://www.toff.ro/barbati/imbracaminte?initialMap=c,c&initialQuery=barbati/imbracaminte&map=category-1,category-2,brand&query=/barbati/imbracaminte/lanvin&searchState",Men,Clothing,LANVIN,0,0,50619
TERMINAL OF FASHION,https://www.toff.ro/,"https://www.toff.ro/barbati/accesorii/curele-si-bijuterii?initialMap=c,c,c&initialQuery=barbati/accesorii/curele-si-bijuterii&map=category-1,category-2,category-3,brand,subcategorie&query=/barbati/accesorii/curele-si-bijuterii/lanvin/bijuterii&searchState",Men,Jewelry,LANVIN,0,0,50623
TERMINAL OF FASHION,https://www.toff.ro/,"https://www.toff.ro/barbati/incaltaminte?initialMap=c,c&initialQuery=barbati/incaltaminte&map=category-1,category-2,brand&query=/barbati/incaltaminte/lanvin&searchState",Men,Shoes,LANVIN,5,0,50620
TERMINAL OF FASHION,https://www.toff.ro/,"https://www.toff.ro/femei/accesorii?initialMap=c,c&initialQuery=femei/accesorii&map=category-1,category-2,brand&query=/femei/accesorii/lanvin&searchState",Women,Accessories,LANVIN,0,0,50627
TERMINAL OF FASHION,https://www.toff.ro/,"https://www.toff.ro/femei/genti?initialMap=c,c&initialQuery=femei/genti&map=category-1,category-2,brand&query=/femei/genti/lanvin&searchState",Women,Bags,LANVIN,1,0,50626
TERMINAL OF FASHION,https://www.toff.ro/,"https://www.toff.ro/femei/imbracaminte?initialMap=c,c&initialQuery=femei/imbracaminte&map=category-1,category-2,brand&query=/femei/imbracaminte/lanvin&searchState",Women,Clothing,LANVIN,0,0,50624
TERMINAL OF FASHION,https://www.toff.ro/,"https://www.toff.ro/femei/accesorii/curele-si-bijuterii?initialMap=c,c,c&initialQuery=femei/accesorii/curele-si-bijuterii&map=category-1,category-2,category-3,brand,subcategorie&query=/femei/accesorii/curele-si-bijuterii/lanvin/bijuterii&searchState",Women,Jewelry,LANVIN,0,0,50628
TERMINAL OF FASHION,https://www.toff.ro/,"https://www.toff.ro/femei/incaltaminte?initialMap=c,c&initialQuery=femei/incaltaminte&map=category-1,category-2,brand&query=/femei/incaltaminte/lanvin&searchState",Women,Shoes,LANVIN,9,0,50625
TERMINAL OF FASHION,https://www.toff.ro/,"https://www.toff.ro/barbati/genti?initialMap=c,c&initialQuery=barbati/genti&map=category-1,category-2,brand&query=/barbati/genti/moncler&searchState",Men,Bags,MONCLER,3,0,23455
TERMINAL OF FASHION,https://www.toff.ro/,"https://www.toff.ro/barbati/incaltaminte?initialMap=c,c&initialQuery=barbati/incaltaminte&map=category-1,category-2,brand&query=/barbati/incaltaminte/moncler&searchState",Men,Shoes,MONCLER,0,0,23458
TERMINAL OF FASHION,https://www.toff.ro/,"https://www.toff.ro/femei/accesorii?initialMap=c,c&initialQuery=femei/accesorii&map=category-1,category-2,brand&query=/femei/accesorii/moncler&searchState",Women,Accessories,MONCLER,4,0,23459
TERMINAL OF FASHION,https://www.toff.ro/,"https://www.toff.ro/femei/genti?initialMap=c,c&initialQuery=femei/genti&map=category-1,category-2,brand&query=/femei/genti/moncler&searchState",Women,Bags,MONCLER,7,0,23460
TERMINAL OF FASHION,https://www.toff.ro/,"https://www.toff.ro/femei/incaltaminte?initialMap=c,c&initialQuery=femei/incaltaminte&map=category-1,category-2,brand&query=/femei/incaltaminte/moncler&searchState",Women,Shoes,MONCLER,9,0,23463
TERMINAL OF FASHION,https://www.toff.ro/,"https://www.toff.ro/barbati/accesorii?initialMap=c,c&initialQuery=barbati/accesorii&map=category-1,category-2,brand&query=/barbati/accesorii/moschino&searchState",Men,Accessories,MOSCHINO,0,0,50632
TERMINAL OF FASHION,https://www.toff.ro/,"https://www.toff.ro/barbati/genti?initialMap=c,c&initialQuery=barbati/genti&map=category-1,category-2,brand&query=/barbati/genti/moschino&searchState",Men,Bags,MOSCHINO,0,0,50631
TERMINAL OF FASHION,https://www.toff.ro/,"https://www.toff.ro/barbati/imbracaminte?initialMap=c,c&initialQuery=barbati/imbracaminte&map=category-1,category-2,brand&query=/barbati/imbracaminte/moschino&searchState",Men,Clothing,MOSCHINO,0,0,50629
TERMINAL OF FASHION,https://www.toff.ro/,"https://www.toff.ro/barbati/accesorii/curele-si-bijuterii?initialMap=c,c,c&initialQuery=barbati/accesorii/curele-si-bijuterii&map=category-1,category-2,category-3,brand,subcategorie&query=/barbati/accesorii/curele-si-bijuterii/moschino/bijuterii&searchState",Men,Jewelry,MOSCHINO,0,0,50633
TERMINAL OF FASHION,https://www.toff.ro/,"https://www.toff.ro/barbati/incaltaminte?initialMap=c,c&initialQuery=barbati/incaltaminte&map=category-1,category-2,brand&query=/barbati/incaltaminte/moschino&searchState",Men,Shoes,MOSCHINO,0,0,50630
TERMINAL OF FASHION,https://www.toff.ro/,"https://www.toff.ro/femei/accesorii?initialMap=c,c&initialQuery=femei/accesorii&map=category-1,category-2,brand&query=/femei/accesorii/moschino&searchState",Women,Accessories,MOSCHINO,5,0,50637
TERMINAL OF FASHION,https://www.toff.ro/,"https://www.toff.ro/femei/genti?initialMap=c,c&initialQuery=femei/genti&map=category-1,category-2,brand&query=/femei/genti/moschino&searchState",Women,Bags,MOSCHINO,0,0,50636
TERMINAL OF FASHION,https://www.toff.ro/,"https://www.toff.ro/femei/imbracaminte?initialMap=c,c&initialQuery=femei/imbracaminte&map=category-1,category-2,brand&query=/femei/imbracaminte/moschino&searchState",Women,Clothing,MOSCHINO,0,0,50634
TERMINAL OF FASHION,https://www.toff.ro/,"https://www.toff.ro/femei/accesorii/curele-si-bijuterii?initialMap=c,c,c&initialQuery=femei/accesorii/curele-si-bijuterii&map=category-1,category-2,category-3,brand,subcategorie&query=/femei/accesorii/curele-si-bijuterii/moschino/bijuterii&searchState",Women,Jewelry,MOSCHINO,0,0,50638
TERMINAL OF FASHION,https://www.toff.ro/,"https://www.toff.ro/femei/incaltaminte?initialMap=c,c&initialQuery=femei/incaltaminte&map=category-1,category-2,brand&query=/femei/incaltaminte/moschino&searchState",Women,Shoes,MOSCHINO,0,0,50635
TERMINAL OF FASHION,https://www.toff.ro/,"https://www.toff.ro/barbati/accesorii?initialMap=c,c&initialQuery=barbati/accesorii&map=category-1,category-2,brand&query=/barbati/accesorii/mugler&searchState",Men,Accessories,MUGLER,0,0,50642
TERMINAL OF FASHION,https://www.toff.ro/,"https://www.toff.ro/barbati/genti?initialMap=c,c&initialQuery=barbati/genti&map=category-1,category-2,brand&query=/barbati/genti/mugler&searchState",Men,Bags,MUGLER,0,0,50641
TERMINAL OF FASHION,https://www.toff.ro/,"https://www.toff.ro/barbati/imbracaminte?initialMap=c,c&initialQuery=barbati/imbracaminte&map=category-1,category-2,brand&query=/barbati/imbracaminte/mugler&searchState",Men,Clothing,MUGLER,0,0,50639
TERMINAL OF FASHION,https://www.toff.ro/,"https://www.toff.ro/barbati/accesorii/curele-si-bijuterii?initialMap=c,c,c&initialQuery=barbati/accesorii/curele-si-bijuterii&map=category-1,category-2,category-3,brand,subcategorie&query=/barbati/accesorii/curele-si-bijuterii/mugler/bijuterii&searchState",Men,Jewelry,MUGLER,0,0,50643
TERMINAL OF FASHION,https://www.toff.ro/,"https://www.toff.ro/barbati/incaltaminte?initialMap=c,c&initialQuery=barbati/incaltaminte&map=category-1,category-2,brand&query=/barbati/incaltaminte/mugler&searchState",Men,Shoes,MUGLER,0,0,50640
TERMINAL OF FASHION,https://www.toff.ro/,"https://www.toff.ro/femei/accesorii?initialMap=c,c&initialQuery=femei/accesorii&map=category-1,category-2,brand&query=/femei/accesorii/mugler&searchState",Women,Accessories,MUGLER,0,0,50647
TERMINAL OF FASHION,https://www.toff.ro/,"https://www.toff.ro/femei/genti?initialMap=c,c&initialQuery=femei/genti&map=category-1,category-2,brand&query=/femei/genti/mugler&searchState",Women,Bags,MUGLER,0,0,50646
TERMINAL OF FASHION,https://www.toff.ro/,"https://www.toff.ro/femei/imbracaminte?initialMap=c,c&initialQuery=femei/imbracaminte&map=category-1,category-2,brand&query=/femei/imbracaminte/mugler&searchState",Women,Clothing,MUGLER,0,0,50644
TERMINAL OF FASHION,https://www.toff.ro/,"https://www.toff.ro/femei/accesorii/curele-si-bijuterii?initialMap=c,c,c&initialQuery=femei/accesorii/curele-si-bijuterii&map=category-1,category-2,category-3,brand,subcategorie&query=/femei/accesorii/curele-si-bijuterii/mugler/bijuterii&searchState",Women,Jewelry,MUGLER,0,0,50648
TERMINAL OF FASHION,https://www.toff.ro/,"https://www.toff.ro/femei/incaltaminte?initialMap=c,c&initialQuery=femei/incaltaminte&map=category-1,category-2,brand&query=/femei/incaltaminte/mugler&searchState",Women,Shoes,MUGLER,13,0,50645
TERMINAL OF FASHION,https://www.toff.ro/,"https://www.toff.ro/barbati/accesorii?initialMap=c,c&initialQuery=barbati/accesorii&map=category-1,category-2,brand&query=/barbati/accesorii/palm-angels&searchState",Men,Accessories,PALM ANGELS,0,0,50682
TERMINAL OF FASHION,https://www.toff.ro/,"https://www.toff.ro/barbati/genti?initialMap=c,c&initialQuery=barbati/genti&map=category-1,category-2,brand&query=/barbati/genti/palm-angels&searchState",Men,Bags,PALM ANGELS,0,0,50681
TERMINAL OF FASHION,https://www.toff.ro/,"https://www.toff.ro/barbati/imbracaminte?initialMap=c,c&initialQuery=barbati/imbracaminte&map=category-1,category-2,brand&query=/barbati/imbracaminte/palm-angels&searchState",Men,Clothing,PALM ANGELS,0,0,50679
TERMINAL OF FASHION,https://www.toff.ro/,"https://www.toff.ro/barbati/accesorii/curele-si-bijuterii?initialMap=c,c,c&initialQuery=barbati/accesorii/curele-si-bijuterii&map=category-1,category-2,category-3,brand,subcategorie&query=/barbati/accesorii/curele-si-bijuterii/palm-angels/bijuterii&searchState",Men,Jewelry,PALM ANGELS,0,0,50683
TERMINAL OF FASHION,https://www.toff.ro/,"https://www.toff.ro/barbati/incaltaminte?initialMap=c,c&initialQuery=barbati/incaltaminte&map=category-1,category-2,brand&query=/barbati/incaltaminte/palm-angels&searchState",Men,Shoes,PALM ANGELS,0,0,50680
TERMINAL OF FASHION,https://www.toff.ro/,"https://www.toff.ro/femei/accesorii?initialMap=c,c&initialQuery=femei/accesorii&map=category-1,category-2,brand&query=/femei/accesorii/palm-angels&searchState",Women,Accessories,PALM ANGELS,0,0,50687
TERMINAL OF FASHION,https://www.toff.ro/,"https://www.toff.ro/femei/genti?initialMap=c,c&initialQuery=femei/genti&map=category-1,category-2,brand&query=/femei/genti/palm-angels&searchState",Women,Bags,PALM ANGELS,0,0,50686
TERMINAL OF FASHION,https://www.toff.ro/,"https://www.toff.ro/femei/imbracaminte?initialMap=c,c&initialQuery=femei/imbracaminte&map=category-1,category-2,brand&query=/femei/imbracaminte/palm-angels&searchState",Women,Clothing,PALM ANGELS,0,0,50684
TERMINAL OF FASHION,https://www.toff.ro/,"https://www.toff.ro/femei/accesorii/curele-si-bijuterii?initialMap=c,c,c&initialQuery=femei/accesorii/curele-si-bijuterii&map=category-1,category-2,category-3,brand,subcategorie&query=/femei/accesorii/curele-si-bijuterii/palm-angels/bijuterii&searchState",Women,Jewelry,PALM ANGELS,0,0,50688
TERMINAL OF FASHION,https://www.toff.ro/,"https://www.toff.ro/femei/incaltaminte?initialMap=c,c&initialQuery=femei/incaltaminte&map=category-1,category-2,brand&query=/femei/incaltaminte/palm-angels&searchState",Women,Shoes,PALM ANGELS,0,0,50685
TERMINAL OF FASHION,https://www.toff.ro/,"https://www.toff.ro/barbati/accesorii?initialMap=c,c&initialQuery=barbati/accesorii&map=category-1,category-2,brand&query=/barbati/accesorii/philipp-plein&searchState",Men,Accessories,PHILIPP PLEIN,2,0,50652
TERMINAL OF FASHION,https://www.toff.ro/,"https://www.toff.ro/barbati/genti?initialMap=c,c&initialQuery=barbati/genti&map=category-1,category-2,brand&query=/barbati/genti/philipp-plein&searchState",Men,Bags,PHILIPP PLEIN,2,0,50651
TERMINAL OF FASHION,https://www.toff.ro/,"https://www.toff.ro/barbati/imbracaminte?initialMap=c,c&initialQuery=barbati/imbracaminte&map=category-1,category-2,brand&query=/barbati/imbracaminte/philipp-plein&searchState",Men,Clothing,PHILIPP PLEIN,46,0,50649
TERMINAL OF FASHION,https://www.toff.ro/,"https://www.toff.ro/barbati/accesorii/curele-si-bijuterii?initialMap=c,c,c&initialQuery=barbati/accesorii/curele-si-bijuterii&map=category-1,category-2,category-3,brand,subcategorie&query=/barbati/accesorii/curele-si-bijuterii/philipp-plein/bijuterii&searchState",Men,Jewelry,PHILIPP PLEIN,0,0,50653
TERMINAL OF FASHION,https://www.toff.ro/,"https://www.toff.ro/barbati/incaltaminte?initialMap=c,c&initialQuery=barbati/incaltaminte&map=category-1,category-2,brand&query=/barbati/incaltaminte/philipp-plein&searchState",Men,Shoes,PHILIPP PLEIN,6,0,50650
TERMINAL OF FASHION,https://www.toff.ro/,"https://www.toff.ro/femei/accesorii?initialMap=c,c&initialQuery=femei/accesorii&map=category-1,category-2,brand&query=/femei/accesorii/philipp-plein&searchState",Women,Accessories,PHILIPP PLEIN,2,0,50657
TERMINAL OF FASHION,https://www.toff.ro/,"https://www.toff.ro/femei/genti?initialMap=c,c&initialQuery=femei/genti&map=category-1,category-2,brand&query=/femei/genti/philipp-plein&searchState",Women,Bags,PHILIPP PLEIN,0,0,50656
TERMINAL OF FASHION,https://www.toff.ro/,"https://www.toff.ro/femei/imbracaminte?initialMap=c,c&initialQuery=femei/imbracaminte&map=category-1,category-2,brand&query=/femei/imbracaminte/philipp-plein&searchState",Women,Clothing,PHILIPP PLEIN,8,0,50654
TERMINAL OF FASHION,https://www.toff.ro/,"https://www.toff.ro/femei/accesorii/curele-si-bijuterii?initialMap=c,c,c&initialQuery=femei/accesorii/curele-si-bijuterii&map=category-1,category-2,category-3,brand,subcategorie&query=/femei/accesorii/curele-si-bijuterii/philipp-plein/bijuterii&searchState",Women,Jewelry,PHILIPP PLEIN,0,0,50658
TERMINAL OF FASHION,https://www.toff.ro/,"https://www.toff.ro/femei/incaltaminte?initialMap=c,c&initialQuery=femei/incaltaminte&map=category-1,category-2,brand&query=/femei/incaltaminte/philipp-plein&searchState",Women,Shoes,PHILIPP PLEIN,10,0,50655
TERMINAL OF FASHION,https://www.toff.ro/,"https://www.toff.ro/barbati/accesorii?initialMap=c,c&initialQuery=barbati/accesorii&map=category-1,category-2,brand&query=/barbati/accesorii/saint-laurent&searchState",Men,Accessories,SAINT LAURENT,0,0,9793
TERMINAL OF FASHION,https://www.toff.ro/,"https://www.toff.ro/barbati/genti?initialMap=c,c&initialQuery=barbati/genti&map=category-1,category-2,brand&query=/barbati/genti/saint-laurent&searchState",Men,Bags,SAINT LAURENT,0,0,9794
TERMINAL OF FASHION,https://www.toff.ro/,"https://www.toff.ro/barbati/imbracaminte?initialMap=c,c&initialQuery=barbati/imbracaminte&map=category-1,category-2,brand&query=/barbati/imbracaminte/saint-laurent&searchState",Men,Clothing,SAINT LAURENT,0,0,9795
TERMINAL OF FASHION,https://www.toff.ro/,"https://www.toff.ro/barbati/accesorii/curele-si-bijuterii?initialMap=c,c,c&initialQuery=barbati/accesorii/curele-si-bijuterii&map=category-1,category-2,category-3,brand,subcategorie&query=/barbati/accesorii/curele-si-bijuterii/saint-laurent/bijuterii&searchState",Men,Jewelry,SAINT LAURENT,0,0,9796
TERMINAL OF FASHION,https://www.toff.ro/,"https://www.toff.ro/barbati/incaltaminte?initialMap=c,c&initialQuery=barbati/incaltaminte&map=category-1,category-2,brand&query=/barbati/incaltaminte/saint-laurent&searchState",Men,Shoes,SAINT LAURENT,0,0,9797
TERMINAL OF FASHION,https://www.toff.ro/,"https://www.toff.ro/femei/accesorii?initialMap=c,c&initialQuery=femei/accesorii&map=category-1,category-2,brand&query=/femei/accesorii/saint-laurent&searchState",Women,Accessories,SAINT LAURENT,3,0,9798
TERMINAL OF FASHION,https://www.toff.ro/,"https://www.toff.ro/femei/genti?initialMap=c,c&initialQuery=femei/genti&map=category-1,category-2,brand&query=/femei/genti/saint-laurent&searchState",Women,Bags,SAINT LAURENT,6,0,699
TERMINAL OF FASHION,https://www.toff.ro/,"https://www.toff.ro/femei/imbracaminte?initialMap=c,c&initialQuery=femei/imbracaminte&map=category-1,category-2,brand&query=/femei/imbracaminte/saint-laurent&searchState",Women,Clothing,SAINT LAURENT,2,0,9799
TERMINAL OF FASHION,https://www.toff.ro/,"https://www.toff.ro/femei/accesorii/curele-si-bijuterii?initialMap=c,c,c&initialQuery=femei/accesorii/curele-si-bijuterii&map=category-1,category-2,category-3,brand,subcategorie&query=/femei/accesorii/curele-si-bijuterii/saint-laurent/bijuterii&searchState",Women,Jewelry,SAINT LAURENT,3,0,9800
TERMINAL OF FASHION,https://www.toff.ro/,"https://www.toff.ro/femei/incaltaminte?initialMap=c,c&initialQuery=femei/incaltaminte&map=category-1,category-2,brand&query=/femei/incaltaminte/saint-laurent&searchState",Women,Shoes,SAINT LAURENT,107,0,9801
TERMINAL OF FASHION,https://www.toff.ro/,"https://www.toff.ro/barbati/accesorii?initialMap=c,c&initialQuery=barbati/accesorii&map=category-1,category-2,brand&query=/barbati/accesorii/santoni&searchState",Men,Accessories,SANTONI,14,0,50662
TERMINAL OF FASHION,https://www.toff.ro/,"https://www.toff.ro/barbati/genti?initialMap=c,c&initialQuery=barbati/genti&map=category-1,category-2,brand&query=/barbati/genti/santoni&searchState",Men,Bags,SANTONI,1,0,50661
TERMINAL OF FASHION,https://www.toff.ro/,"https://www.toff.ro/barbati/imbracaminte?initialMap=c,c&initialQuery=barbati/imbracaminte&map=category-1,category-2,brand&query=/barbati/imbracaminte/santoni&searchState",Men,Clothing,SANTONI,0,0,50659
TERMINAL OF FASHION,https://www.toff.ro/,"https://www.toff.ro/barbati/accesorii/curele-si-bijuterii?initialMap=c,c,c&initialQuery=barbati/accesorii/curele-si-bijuterii&map=category-1,category-2,category-3,brand,subcategorie&query=/barbati/accesorii/curele-si-bijuterii/santoni/bijuterii&searchState",Men,Jewelry,SANTONI,0,0,50663
TERMINAL OF FASHION,https://www.toff.ro/,"https://www.toff.ro/barbati/incaltaminte?initialMap=c,c&initialQuery=barbati/incaltaminte&map=category-1,category-2,brand&query=/barbati/incaltaminte/santoni&searchState",Men,Shoes,SANTONI,83,0,50660
TERMINAL OF FASHION,https://www.toff.ro/,"https://www.toff.ro/femei/accesorii?initialMap=c,c&initialQuery=femei/accesorii&map=category-1,category-2,brand&query=/femei/accesorii/santoni&searchState",Women,Accessories,SANTONI,0,0,50667
TERMINAL OF FASHION,https://www.toff.ro/,"https://www.toff.ro/femei/genti?initialMap=c,c&initialQuery=femei/genti&map=category-1,category-2,brand&query=/femei/genti/santoni&searchState",Women,Bags,SANTONI,1,0,50666
TERMINAL OF FASHION,https://www.toff.ro/,"https://www.toff.ro/femei/imbracaminte?initialMap=c,c&initialQuery=femei/imbracaminte&map=category-1,category-2,brand&query=/femei/imbracaminte/santoni&searchState",Women,Clothing,SANTONI,0,0,50664
TERMINAL OF FASHION,https://www.toff.ro/,"https://www.toff.ro/femei/accesorii/curele-si-bijuterii?initialMap=c,c,c&initialQuery=femei/accesorii/curele-si-bijuterii&map=category-1,category-2,category-3,brand,subcategorie&query=/femei/accesorii/curele-si-bijuterii/santoni/bijuterii&searchState",Women,Jewelry,SANTONI,0,0,50668
TERMINAL OF FASHION,https://www.toff.ro/,"https://www.toff.ro/femei/incaltaminte?initialMap=c,c&initialQuery=femei/incaltaminte&map=category-1,category-2,brand&query=/femei/incaltaminte/santoni&searchState",Women,Shoes,SANTONI,31,0,50665
TERMINAL OF FASHION,https://www.toff.ro/,"https://www.toff.ro/barbati/accesorii?initialMap=c,c&initialQuery=barbati/accesorii&map=category-1,category-2,brand&query=/barbati/accesorii/stella-mccartney&searchState",Men,Accessories,STELLA MCCARTNEY,1,0,50692
TERMINAL OF FASHION,https://www.toff.ro/,"https://www.toff.ro/barbati/genti?initialMap=c,c&initialQuery=barbati/genti&map=category-1,category-2,brand&query=/barbati/genti/stella-mccartney&searchState",Men,Bags,STELLA MCCARTNEY,0,0,50691
TERMINAL OF FASHION,https://www.toff.ro/,"https://www.toff.ro/barbati/imbracaminte?initialMap=c,c&initialQuery=barbati/imbracaminte&map=category-1,category-2,brand&query=/barbati/imbracaminte/stella-mccartney&searchState",Men,Clothing,STELLA MCCARTNEY,2,0,50689
TERMINAL OF FASHION,https://www.toff.ro/,"https://www.toff.ro/barbati/accesorii/curele-si-bijuterii?initialMap=c,c,c&initialQuery=barbati/accesorii/curele-si-bijuterii&map=category-1,category-2,category-3,brand,subcategorie&query=/barbati/accesorii/curele-si-bijuterii/stella-mccartney/bijuterii&searchState",Men,Jewelry,STELLA MCCARTNEY,0,0,50693
TERMINAL OF FASHION,https://www.toff.ro/,"https://www.toff.ro/barbati/incaltaminte?initialMap=c,c&initialQuery=barbati/incaltaminte&map=category-1,category-2,brand&query=/barbati/incaltaminte/stella-mccartney&searchState",Men,Shoes,STELLA MCCARTNEY,0,0,50690
TERMINAL OF FASHION,https://www.toff.ro/,"https://www.toff.ro/femei/accesorii?initialMap=c,c&initialQuery=femei/accesorii&map=category-1,category-2,brand&query=/femei/accesorii/stella-mccartney&searchState",Women,Accessories,STELLA MCCARTNEY,0,0,50697
TERMINAL OF FASHION,https://www.toff.ro/,"https://www.toff.ro/femei/genti?initialMap=c,c&initialQuery=femei/genti&map=category-1,category-2,brand&query=/femei/genti/stella-mccartney&searchState",Women,Bags,STELLA MCCARTNEY,0,0,50696
TERMINAL OF FASHION,https://www.toff.ro/,"https://www.toff.ro/femei/imbracaminte?initialMap=c,c&initialQuery=femei/imbracaminte&map=category-1,category-2,brand&query=/femei/imbracaminte/stella-mccartney&searchState",Women,Clothing,STELLA MCCARTNEY,0,0,50694
TERMINAL OF FASHION,https://www.toff.ro/,"https://www.toff.ro/femei/accesorii/curele-si-bijuterii?initialMap=c,c,c&initialQuery=femei/accesorii/curele-si-bijuterii&map=category-1,category-2,category-3,brand,subcategorie&query=/femei/accesorii/curele-si-bijuterii/stella-mccartney/bijuterii&searchState",Women,Jewelry,STELLA MCCARTNEY,0,0,50698
TERMINAL OF FASHION,https://www.toff.ro/,"https://www.toff.ro/femei/incaltaminte?initialMap=c,c&initialQuery=femei/incaltaminte&map=category-1,category-2,brand&query=/femei/incaltaminte/stella-mccartney&searchState",Women,Shoes,STELLA MCCARTNEY,0,0,50695
TERMINAL OF FASHION,https://www.toff.ro/,"https://www.toff.ro/barbati/accesorii?initialMap=c,c&initialQuery=barbati/accesorii&map=category-1,category-2,brand&query=/barbati/accesorii/stuart-weitzman&searchState",Men,Accessories,STUART WEITZMAN,0,0,50672
TERMINAL OF FASHION,https://www.toff.ro/,"https://www.toff.ro/barbati/genti?initialMap=c,c&initialQuery=barbati/genti&map=category-1,category-2,brand&query=/barbati/genti/stuart-weitzman&searchState",Men,Bags,STUART WEITZMAN,0,0,50671
TERMINAL OF FASHION,https://www.toff.ro/,"https://www.toff.ro/barbati/imbracaminte?initialMap=c,c&initialQuery=barbati/imbracaminte&map=category-1,category-2,brand&query=/barbati/imbracaminte/stuart-weitzman&searchState",Men,Clothing,STUART WEITZMAN,0,0,50669
TERMINAL OF FASHION,https://www.toff.ro/,"https://www.toff.ro/barbati/accesorii/curele-si-bijuterii?initialMap=c,c,c&initialQuery=barbati/accesorii/curele-si-bijuterii&map=category-1,category-2,category-3,brand,subcategorie&query=/barbati/accesorii/curele-si-bijuterii/stuart-weitzman/bijuterii&searchState",Men,Jewelry,STUART WEITZMAN,0,0,50673
TERMINAL OF FASHION,https://www.toff.ro/,"https://www.toff.ro/barbati/incaltaminte?initialMap=c,c&initialQuery=barbati/incaltaminte&map=category-1,category-2,brand&query=/barbati/incaltaminte/stuart-weitzman&searchState",Men,Shoes,STUART WEITZMAN,0,0,50670
TERMINAL OF FASHION,https://www.toff.ro/,"https://www.toff.ro/femei/accesorii?initialMap=c,c&initialQuery=femei/accesorii&map=category-1,category-2,brand&query=/femei/accesorii/stuart-weitzman&searchState",Women,Accessories,STUART WEITZMAN,0,0,50677
TERMINAL OF FASHION,https://www.toff.ro/,"https://www.toff.ro/femei/genti?initialMap=c,c&initialQuery=femei/genti&map=category-1,category-2,brand&query=/femei/genti/stuart-weitzman&searchState",Women,Bags,STUART WEITZMAN,0,0,50676
TERMINAL OF FASHION,https://www.toff.ro/,"https://www.toff.ro/femei/imbracaminte?initialMap=c,c&initialQuery=femei/imbracaminte&map=category-1,category-2,brand&query=/femei/imbracaminte/stuart-weitzman&searchState",Women,Clothing,STUART WEITZMAN,0,0,50674
TERMINAL OF FASHION,https://www.toff.ro/,"https://www.toff.ro/femei/accesorii/curele-si-bijuterii?initialMap=c,c,c&initialQuery=femei/accesorii/curele-si-bijuterii&map=category-1,category-2,category-3,brand,subcategorie&query=/femei/accesorii/curele-si-bijuterii/stuart-weitzman/bijuterii&searchState",Women,Jewelry,STUART WEITZMAN,0,0,50678
TERMINAL OF FASHION,https://www.toff.ro/,"https://www.toff.ro/femei/incaltaminte?initialMap=c,c&initialQuery=femei/incaltaminte&map=category-1,category-2,brand&query=/femei/incaltaminte/stuart-weitzman&searchState",Women,Shoes,STUART WEITZMAN,1,0,50675
TERMINAL OF FASHION,https://www.toff.ro/,"https://www.toff.ro/barbati/accesorii?initialMap=c,c&initialQuery=barbati/accesorii&map=category-1,category-2,brand&query=/barbati/accesorii/tom-ford&searchState",Men,Accessories,TOM FORD,4,0,23494
TERMINAL OF FASHION,https://www.toff.ro/,"https://www.toff.ro/femei/accesorii?initialMap=c,c&initialQuery=femei/accesorii&map=category-1,category-2,brand&query=/femei/accesorii/tom-ford&searchState",Women,Accessories,TOM FORD,5,0,23499
TERMINAL OF FASHION,https://www.toff.ro/,"https://www.toff.ro/barbati/accesorii?initialMap=c,c&initialQuery=barbati/accesorii&map=category-1,category-2,brand&query=/barbati/accesorii/valentino-garavani&searchState",Men,Accessories,VALENTINO GARAVANI,14,0,23514
TERMINAL OF FASHION,https://www.toff.ro/,"https://www.toff.ro/barbati/genti?initialMap=c,c&initialQuery=barbati/genti&map=category-1,category-2,brand&query=/barbati/genti/valentino-garavani&searchState",Men,Bags,VALENTINO GARAVANI,0,0,23515
TERMINAL OF FASHION,https://www.toff.ro/,"https://www.toff.ro/barbati/imbracaminte?initialMap=c,c&initialQuery=barbati/imbracaminte&map=category-1,category-2,brand&query=/barbati/imbracaminte/valentino-garavani&searchState",Men,Clothing,VALENTINO GARAVANI,102,0,23516
TERMINAL OF FASHION,https://www.toff.ro/,"https://www.toff.ro/barbati/incaltaminte?initialMap=c,c&initialQuery=barbati/incaltaminte&map=category-1,category-2,brand&query=/barbati/incaltaminte/valentino-garavani&searchState",Men,Shoes,VALENTINO GARAVANI,38,0,23518
TERMINAL OF FASHION,https://www.toff.ro/,"https://www.toff.ro/femei/accesorii?initialMap=c,c&initialQuery=femei/accesorii&map=category-1,category-2,brand&query=/femei/accesorii/valentino-garavani&searchState",Women,Accessories,VALENTINO GARAVANI,13,0,23519
TERMINAL OF FASHION,https://www.toff.ro/,"https://www.toff.ro/femei/genti?initialMap=c,c&initialQuery=femei/genti&map=category-1,category-2,brand&query=/femei/genti/valentino-garavani&searchState",Women,Bags,VALENTINO GARAVANI,41,0,23520
TERMINAL OF FASHION,https://www.toff.ro/,"https://www.toff.ro/femei/incaltaminte?initialMap=c,c&initialQuery=femei/incaltaminte&map=category-1,category-2,brand&query=/femei/incaltaminte/valentino-garavani&searchState",Women,Shoes,VALENTINO GARAVANI,9,0,23523
TERMINAL OF FASHION,https://www.toff.ro/,"https://www.toff.ro/barbati/accesorii?initialMap=c,c&initialQuery=barbati/accesorii&map=category-1,category-2,brand&query=/barbati/accesorii/zegna&searchState",Men,Accessories,ZEGNA,48,0,50702
TERMINAL OF FASHION,https://www.toff.ro/,"https://www.toff.ro/barbati/genti?initialMap=c,c&initialQuery=barbati/genti&map=category-1,category-2,brand&query=/barbati/genti/zegna&searchState",Men,Bags,ZEGNA,5,0,50701
TERMINAL OF FASHION,https://www.toff.ro/,"https://www.toff.ro/barbati/imbracaminte?initialMap=c,c&initialQuery=barbati/imbracaminte&map=category-1,category-2,brand&query=/barbati/imbracaminte/zegna&searchState",Men,Clothing,ZEGNA,51,0,50699
TERMINAL OF FASHION,https://www.toff.ro/,"https://www.toff.ro/barbati/accesorii/curele-si-bijuterii?initialMap=c,c,c&initialQuery=barbati/accesorii/curele-si-bijuterii&map=category-1,category-2,category-3,brand,subcategorie&query=/barbati/accesorii/curele-si-bijuterii/zegna/bijuterii&searchState",Men,Jewelry,ZEGNA,0,0,50703
TERMINAL OF FASHION,https://www.toff.ro/,"https://www.toff.ro/barbati/incaltaminte?initialMap=c,c&initialQuery=barbati/incaltaminte&map=category-1,category-2,brand&query=/barbati/incaltaminte/zegna&searchState",Men,Shoes,ZEGNA,22,0,50700
TERMINAL OF FASHION,https://www.toff.ro/,"https://www.toff.ro/femei/accesorii?initialMap=c,c&initialQuery=femei/accesorii&map=category-1,category-2,brand&query=/femei/accesorii/zegna&searchState",Women,Accessories,ZEGNA,0,0,50707
TERMINAL OF FASHION,https://www.toff.ro/,"https://www.toff.ro/femei/genti?initialMap=c,c&initialQuery=femei/genti&map=category-1,category-2,brand&query=/femei/genti/zegna&searchState",Women,Bags,ZEGNA,0,0,50706
TERMINAL OF FASHION,https://www.toff.ro/,"https://www.toff.ro/femei/imbracaminte?initialMap=c,c&initialQuery=femei/imbracaminte&map=category-1,category-2,brand&query=/femei/imbracaminte/zegna&searchState",Women,Clothing,ZEGNA,0,0,50704
TERMINAL OF FASHION,https://www.toff.ro/,"https://www.toff.ro/femei/accesorii/curele-si-bijuterii?initialMap=c,c,c&initialQuery=femei/accesorii/curele-si-bijuterii&map=category-1,category-2,category-3,brand,subcategorie&query=/femei/accesorii/curele-si-bijuterii/zegna/bijuterii&searchState",Women,Jewelry,ZEGNA,0,0,50708
TERMINAL OF FASHION,https://www.toff.ro/,"https://www.toff.ro/femei/incaltaminte?initialMap=c,c&initialQuery=femei/incaltaminte&map=category-1,category-2,brand&query=/femei/incaltaminte/zegna&searchState",Women,Shoes,ZEGNA,0,0,50705